﻿StateDesc,CityName,Category,Measure,Data_Value_Type,Data_Value,PopulationCount
Alabama,Birmingham,Prevention,Taking medicine for high blood pressure control among adults aged >=18 Years with high blood pressure,Age-adjusted prevalence,70.1,212237
Louisiana,New Orleans,Prevention,Taking medicine for high blood pressure control among adults aged >=18 Years with high blood pressure,Age-adjusted prevalence,69.8,343829
Tennessee,Memphis,Prevention,Taking medicine for high blood pressure control among adults aged >=18 Years with high blood pressure,Age-adjusted prevalence,69.6,646889
Louisiana,Baton Rouge,Prevention,Taking medicine for high blood pressure control among adults aged >=18 Years with high blood pressure,Age-adjusted prevalence,69.2,229493
Ohio,Cleveland,Prevention,Taking medicine for high blood pressure control among adults aged >=18 Years with high blood pressure,Age-adjusted prevalence,68.8,396815
Ohio,Cincinnati,Prevention,Taking medicine for high blood pressure control among adults aged >=18 Years with high blood pressure,Age-adjusted prevalence,67.7,296943
Michigan,Detroit,Prevention,Taking medicine for high blood pressure control among adults aged >=18 Years with high blood pressure,Age-adjusted prevalence,66.8,713777
Maryland,Baltimore,Prevention,Taking medicine for high blood pressure control among adults aged >=18 Years with high blood pressure,Age-adjusted prevalence,66.2,620961
Missouri,St. Louis,Prevention,Taking medicine for high blood pressure control among adults aged >=18 Years with high blood pressure,Age-adjusted prevalence,65.5,319294
Kentucky,Louisville,Prevention,Taking medicine for high blood pressure control among adults aged >=18 Years with high blood pressure,Age-adjusted prevalence,65.1,597337
Kentucky,Lexington,Prevention,Taking medicine for high blood pressure control among adults aged >=18 Years with high blood pressure,Age-adjusted prevalence,65.1,295803
Tennessee,Nashville,Prevention,Taking medicine for high blood pressure control among adults aged >=18 Years with high blood pressure,Age-adjusted prevalence,65,601222
Virginia,Norfolk,Prevention,Taking medicine for high blood pressure control among adults aged >=18 Years with high blood pressure,Age-adjusted prevalence,64.8,242803
Ohio,Columbus,Prevention,Taking medicine for high blood pressure control among adults aged >=18 Years with high blood pressure,Age-adjusted prevalence,64.5,787033
Georgia,Atlanta,Prevention,Taking medicine for high blood pressure control among adults aged >=18 Years with high blood pressure,Age-adjusted prevalence,64.3,420003
Pennsylvania,Pittsburgh,Prevention,Taking medicine for high blood pressure control among adults aged >=18 Years with high blood pressure,Age-adjusted prevalence,64.2,305704
Ohio,Toledo,Prevention,Taking medicine for high blood pressure control among adults aged >=18 Years with high blood pressure,Age-adjusted prevalence,64.2,287208
North Carolin,Winston-Salem,Prevention,Taking medicine for high blood pressure control among adults aged >=18 Years with high blood pressure,Age-adjusted prevalence,63.9,229617
Missouri,Kansas City,Prevention,Taking medicine for high blood pressure control among adults aged >=18 Years with high blood pressure,Age-adjusted prevalence,63.8,459787
Virginia,Chesapeake,Prevention,Taking medicine for high blood pressure control among adults aged >=18 Years with high blood pressure,Age-adjusted prevalence,63.7,222209
New Jersey,Newark,Prevention,Taking medicine for high blood pressure control among adults aged >=18 Years with high blood pressure,Age-adjusted prevalence,63.2,277140
North Carolin,Greensboro,Prevention,Taking medicine for high blood pressure control among adults aged >=18 Years with high blood pressure,Age-adjusted prevalence,63.1,269666
Pennsylvania,Philadelphia,Prevention,Taking medicine for high blood pressure control among adults aged >=18 Years with high blood pressure,Age-adjusted prevalence,63,1526006
Florida,Jacksonville,Prevention,Taking medicine for high blood pressure control among adults aged >=18 Years with high blood pressure,Age-adjusted prevalence,62.8,821784
New York,Buffalo,Prevention,Taking medicine for high blood pressure control among adults aged >=18 Years with high blood pressure,Age-adjusted prevalence,62.8,261310
New Jersey,Jersey City,Prevention,Taking medicine for high blood pressure control among adults aged >=18 Years with high blood pressure,Age-adjusted prevalence,62.8,247597
Oklahoma,Tulsa,Prevention,Taking medicine for high blood pressure control among adults aged >=18 Years with high blood pressure,Age-adjusted prevalence,62.7,391906
North Carolin,Durham,Prevention,Taking medicine for high blood pressure control among adults aged >=18 Years with high blood pressure,Age-adjusted prevalence,62.4,228330
New York,Rochester,Prevention,Taking medicine for high blood pressure control among adults aged >=18 Years with high blood pressure,Age-adjusted prevalence,62.4,210565
Indiana,Indianapolis,Prevention,Taking medicine for high blood pressure control among adults aged >=18 Years with high blood pressure,Age-adjusted prevalence,62.3,820445
Nebraska,Omaha,Prevention,Taking medicine for high blood pressure control among adults aged >=18 Years with high blood pressure,Age-adjusted prevalence,62.3,408958
Florida,Miami,Prevention,Taking medicine for high blood pressure control among adults aged >=18 Years with high blood pressure,Age-adjusted prevalence,62.3,399457
North Carolin,Charlotte,Prevention,Taking medicine for high blood pressure control among adults aged >=18 Years with high blood pressure,Age-adjusted prevalence,62.1,731424
Texas,Dallas,Prevention,Taking medicine for high blood pressure control among adults aged >=18 Years with high blood pressure,Age-adjusted prevalence,61.9,1197816
Wisconsin,Milwaukee,Prevention,Taking medicine for high blood pressure control among adults aged >=18 Years with high blood pressure,Age-adjusted prevalence,61.8,594833
Indiana,Fort Wayne,Prevention,Taking medicine for high blood pressure control among adults aged >=18 Years with high blood pressure,Age-adjusted prevalence,61.7,253691
North Carolin,Raleigh,Prevention,Taking medicine for high blood pressure control among adults aged >=18 Years with high blood pressure,Age-adjusted prevalence,61.6,403892
Massachusetts,Boston,Prevention,Taking medicine for high blood pressure control among adults aged >=18 Years with high blood pressure,Age-adjusted prevalence,61.5,617594
Texas,Houston,Prevention,Taking medicine for high blood pressure control among adults aged >=18 Years with high blood pressure,Age-adjusted prevalence,61.4,2099451
Texas,Fort Worth,Prevention,Taking medicine for high blood pressure control among adults aged >=18 Years with high blood pressure,Age-adjusted prevalence,61.3,741206
Texas,Arlington,Prevention,Taking medicine for high blood pressure control among adults aged >=18 Years with high blood pressure,Age-adjusted prevalence,61.3,365438
District of C,Washington,Prevention,Taking medicine for high blood pressure control among adults aged >=18 Years with high blood pressure,Age-adjusted prevalence,61,601723
Texas,Corpus Christi,Prevention,Taking medicine for high blood pressure control among adults aged >=18 Years with high blood pressure,Age-adjusted prevalence,60.8,305215
Oklahoma,Oklahoma City,Prevention,Taking medicine for high blood pressure control among adults aged >=18 Years with high blood pressure,Age-adjusted prevalence,60.6,579999
Virginia,Virginia Beach,Prevention,Taking medicine for high blood pressure control among adults aged >=18 Years with high blood pressure,Age-adjusted prevalence,60.6,437994
Texas,Lubbock,Prevention,Taking medicine for high blood pressure control among adults aged >=18 Years with high blood pressure,Age-adjusted prevalence,60.6,229573
Illinois,Chicago,Prevention,Taking medicine for high blood pressure control among adults aged >=18 Years with high blood pressure,Age-adjusted prevalence,60.5,2695598
Texas,San Antonio,Prevention,Taking medicine for high blood pressure control among adults aged >=18 Years with high blood pressure,Age-adjusted prevalence,60.5,1327407
Florida,St. Petersburg,Prevention,Taking medicine for high blood pressure control among adults aged >=18 Years with high blood pressure,Age-adjusted prevalence,60.5,244769
Texas,Garland,Prevention,Taking medicine for high blood pressure control among adults aged >=18 Years with high blood pressure,Age-adjusted prevalence,60.5,226876
Minnesota,Minneapolis,Prevention,Taking medicine for high blood pressure control among adults aged >=18 Years with high blood pressure,Age-adjusted prevalence,60.3,382578
Florida,Tampa,Prevention,Taking medicine for high blood pressure control among adults aged >=18 Years with high blood pressure,Age-adjusted prevalence,60.2,335709
Nebraska,Lincoln,Prevention,Taking medicine for high blood pressure control among adults aged >=18 Years with high blood pressure,Age-adjusted prevalence,60.2,258379
Texas,Irving,Prevention,Taking medicine for high blood pressure control among adults aged >=18 Years with high blood pressure,Age-adjusted prevalence,60.2,216290
Texas,Austin,Prevention,Taking medicine for high blood pressure control among adults aged >=18 Years with high blood pressure,Age-adjusted prevalence,60.1,790390
Florida,Orlando,Prevention,Taking medicine for high blood pressure control among adults aged >=18 Years with high blood pressure,Age-adjusted prevalence,60.1,238300
Florida,Hialeah,Prevention,Taking medicine for high blood pressure control among adults aged >=18 Years with high blood pressure,Age-adjusted prevalence,60.1,224669
Kansas,Wichita,Prevention,Taking medicine for high blood pressure control among adults aged >=18 Years with high blood pressure,Age-adjusted prevalence,59.9,382368
Minnesota,St. Paul,Prevention,Taking medicine for high blood pressure control among adults aged >=18 Years with high blood pressure,Age-adjusted prevalence,59.9,285068
Texas,El Paso,Prevention,Taking medicine for high blood pressure control among adults aged >=18 Years with high blood pressure,Age-adjusted prevalence,59.7,649121
Texas,Laredo,Prevention,Taking medicine for high blood pressure control among adults aged >=18 Years with high blood pressure,Age-adjusted prevalence,59.3,236091
Texas,Plano,Prevention,Taking medicine for high blood pressure control among adults aged >=18 Years with high blood pressure,Age-adjusted prevalence,58.7,259841
New York,New York,Prevention,Taking medicine for high blood pressure control among adults aged >=18 Years with high blood pressure,Age-adjusted prevalence,58.4,8175133
Hawaii,Honolulu,Prevention,Taking medicine for high blood pressure control among adults aged >=18 Years with high blood pressure,Age-adjusted prevalence,57.6,953207
Wisconsin,Madison,Prevention,Taking medicine for high blood pressure control among adults aged >=18 Years with high blood pressure,Age-adjusted prevalence,57,233209
Arizona,Phoenix,Prevention,Taking medicine for high blood pressure control among adults aged >=18 Years with high blood pressure,Age-adjusted prevalence,56.3,1445632
California,Oakland,Prevention,Taking medicine for high blood pressure control among adults aged >=18 Years with high blood pressure,Age-adjusted prevalence,56.3,390724
Arizona,Glendale,Prevention,Taking medicine for high blood pressure control among adults aged >=18 Years with high blood pressure,Age-adjusted prevalence,56.3,226721
Nevada,North Las Vegas,Prevention,Taking medicine for high blood pressure control among adults aged >=18 Years with high blood pressure,Age-adjusted prevalence,56.1,216961
Arizona,Tucson,Prevention,Taking medicine for high blood pressure control among adults aged >=18 Years with high blood pressure,Age-adjusted prevalence,55.4,520116
Arizona,Mesa,Prevention,Taking medicine for high blood pressure control among adults aged >=18 Years with high blood pressure,Age-adjusted prevalence,55.4,439041
California,Fresno,Prevention,Taking medicine for high blood pressure control among adults aged >=18 Years with high blood pressure,Age-adjusted prevalence,55.2,494665
Nevada,Las Vegas,Prevention,Taking medicine for high blood pressure control among adults aged >=18 Years with high blood pressure,Age-adjusted prevalence,55.1,583756
California,Stockton,Prevention,Taking medicine for high blood pressure control among adults aged >=18 Years with high blood pressure,Age-adjusted prevalence,55,291707
California,San Bernardino,Prevention,Taking medicine for high blood pressure control among adults aged >=18 Years with high blood pressure,Age-adjusted prevalence,55,209924
Arizona,Chandler,Prevention,Taking medicine for high blood pressure control among adults aged >=18 Years with high blood pressure,Age-adjusted prevalence,54.9,236123
Oregon,Portland,Prevention,Taking medicine for high blood pressure control among adults aged >=18 Years with high blood pressure,Age-adjusted prevalence,54.7,583776
Colorado,Aurora,Prevention,Taking medicine for high blood pressure control among adults aged >=18 Years with high blood pressure,Age-adjusted prevalence,54.3,325078
Arizona,Scottsdale,Prevention,Taking medicine for high blood pressure control among adults aged >=18 Years with high blood pressure,Age-adjusted prevalence,54.2,217385
New Mexico,Albuquerque,Prevention,Taking medicine for high blood pressure control among adults aged >=18 Years with high blood pressure,Age-adjusted prevalence,53.7,545852
Washington,Spokane,Prevention,Taking medicine for high blood pressure control among adults aged >=18 Years with high blood pressure,Age-adjusted prevalence,53.6,208916
California,Long Beach,Prevention,Taking medicine for high blood pressure control among adults aged >=18 Years with high blood pressure,Age-adjusted prevalence,53.5,462257
Nevada,Henderson,Prevention,Taking medicine for high blood pressure control among adults aged >=18 Years with high blood pressure,Age-adjusted prevalence,53.4,257729
California,Fremont,Prevention,Taking medicine for high blood pressure control among adults aged >=18 Years with high blood pressure,Age-adjusted prevalence,53.4,214089
California,Sacramento,Prevention,Taking medicine for high blood pressure control among adults aged >=18 Years with high blood pressure,Age-adjusted prevalence,53.3,466488
California,Los Angeles,Prevention,Taking medicine for high blood pressure control among adults aged >=18 Years with high blood pressure,Age-adjusted prevalence,53,3792621
California,Bakersfield,Prevention,Taking medicine for high blood pressure control among adults aged >=18 Years with high blood pressure,Age-adjusted prevalence,53,347483
California,Irvine,Prevention,Taking medicine for high blood pressure control among adults aged >=18 Years with high blood pressure,Age-adjusted prevalence,53,212375
California,San Diego,Prevention,Taking medicine for high blood pressure control among adults aged >=18 Years with high blood pressure,Age-adjusted prevalence,52.7,1307402
California,Anaheim,Prevention,Taking medicine for high blood pressure control among adults aged >=18 Years with high blood pressure,Age-adjusted prevalence,52.6,336265
California,Riverside,Prevention,Taking medicine for high blood pressure control among adults aged >=18 Years with high blood pressure,Age-adjusted prevalence,52.6,303871
Colorado,Colorado Springs,Prevention,Taking medicine for high blood pressure control among adults aged >=18 Years with high blood pressure,Age-adjusted prevalence,52.5,416427
California,Santa Ana,Prevention,Taking medicine for high blood pressure control among adults aged >=18 Years with high blood pressure,Age-adjusted prevalence,52.5,324528
Nevada,Reno,Prevention,Taking medicine for high blood pressure control among adults aged >=18 Years with high blood pressure,Age-adjusted prevalence,52.2,225221
California,San Francisco,Prevention,Taking medicine for high blood pressure control among adults aged >=18 Years with high blood pressure,Age-adjusted prevalence,52.1,805235
California,Chula Vista,Prevention,Taking medicine for high blood pressure control among adults aged >=18 Years with high blood pressure,Age-adjusted prevalence,51.9,243916
Colorado,Denver,Prevention,Taking medicine for high blood pressure control among adults aged >=18 Years with high blood pressure,Age-adjusted prevalence,51.7,600158
California,San Jose,Prevention,Taking medicine for high blood pressure control among adults aged >=18 Years with high blood pressure,Age-adjusted prevalence,51.2,945942
Alaska,Anchorage,Prevention,Taking medicine for high blood pressure control among adults aged >=18 Years with high blood pressure,Age-adjusted prevalence,50.6,291826
Washington,Seattle,Prevention,Taking medicine for high blood pressure control among adults aged >=18 Years with high blood pressure,Age-adjusted prevalence,49.8,608660
